method,camera_setting,num_settings,lpips_macro_mean,lpips_macro_std,ia_score_macro_mean,ia_score_macro_std,psnr_macro_mean,psnr_macro_std,fid_macro_mean,fid_macro_std
baseline_depth_only,MACRO_AVG_OVER_SETTINGS,4,0.7936251819133759,0.029186195432037185,0.6287784621119499,0.01571260739630249,8.543790483474732,0.595136596347589,416.41815185546875,12.341506644130432
camera_token_clip_pnp,MACRO_AVG_OVER_SETTINGS,4,0.29137764498591423,0.011333717786150829,0.8762624502182006,0.020498971576011032,21.54183747768402,0.13643015927989846,164.00074005126953,13.650373083661158
camera_token_dino_pnp,MACRO_AVG_OVER_SETTINGS,4,0.2914177358150482,0.01131758621585664,0.8765694171190263,0.020233902671886225,21.54106831550598,0.13638874079788685,164.31592178344727,13.914885233813386
enhanced_cleanup_clip,MACRO_AVG_OVER_SETTINGS,4,0.28558906614780427,0.011491828276775683,0.8864053234457969,0.022472459292451303,21.492857789993284,0.10678867833967377,155.0891990661621,12.356971917752519
