lpips,ia_score,psnr,fid,method
0.7736904919147491,0.6159343481063843,8.824538171291351,401.4269104003906,baseline_depth_only
0.28300992399454117,0.901933777332306,21.748358964920044,136.3390350341797,camera_token_clip_pnp
0.28303821831941606,0.9016742587089539,21.747997522354126,136.54896545410156,camera_token_dino_pnp
